year,sex,age,deaths,deaths_homicidios,deaths_otras,prop_homicidios
1990,female,0,886.382887366776,0,886.382887366776,0
1990,female,1,334.110071043975,0,334.110071043975,0
1990,female,5,87.4705754453097,0,87.4705754453097,0
1990,female,10,48.2842941379681,0,48.2842941379681,0
1990,female,15,62.8869400387216,0,62.8869400387216,0
1990,female,20,84.4975147414441,0,84.4975147414441,0
1990,female,25,101.942511393081,0,101.942511393081,0
1990,female,30,84.4975147414441,0,84.4975147414441,0
1990,female,35,120.71073534492,0,120.71073534492,0
1990,female,40,128.758117701248,0,128.758117701248,0
1990,female,45,175.769091846126,0,175.769091846126,0
1990,female,50,240.330431351146,0,240.330431351146,0
1990,female,55,323.907139842202,0,323.907139842202,0
1990,female,60,348.944015155174,0,348.944015155174,0
1990,female,65,544.029824917331,0,544.029824917331,0
1990,female,70,587.136668346161,0,587.136668346161,0
1990,female,75,722.136091209492,0,722.136091209492,0
1990,female,80,777.577018857045,0,777.577018857045,0
1990,female,85,1288.596574747,0,1288.596574747,0
1990,male,0,1093.10785822356,0,1093.10785822356,0
1990,male,1,289.518276831204,0,289.518276831204,0
1990,male,5,95.5929163501452,0,95.5929163501452,0
1990,male,10,80.4616550994909,0,80.4616550994909,0
1990,male,15,180.51907578467,0,180.51907578467,0
1990,male,20,201.154137748727,0,201.154137748727,0
1990,male,25,201.815651356089,0,201.815651356089,0
1990,male,30,185.061806728829,0,185.061806728829,0
1990,male,35,235.350341166011,0,235.350341166011,0
1990,male,40,283.627334225706,0,283.627334225706,0
1990,male,45,303.004334077197,0,303.004334077197,0
1990,male,50,284.718208588112,0,284.718208588112,0
1990,male,55,394.262109987506,0,394.262109987506,0
1990,male,60,435.609885962797,0,435.609885962797,0
1990,male,65,610.67718862463,0,610.67718862463,0
1990,male,70,810.973370066622,0,810.973370066622,0
1990,male,75,810.767632786068,0,810.767632786068,0
1990,male,80,779.473584902694,0,779.473584902694,0
1990,male,85,1280.33661326338,0,1280.33661326338,0
1991,female,0,743.924433451336,0,743.924433451336,0
1991,female,1,160.903493485711,0,160.903493485711,0
1991,female,5,36.2032860342849,0,36.2032860342849,0
1991,female,10,54.3049290514274,0,54.3049290514274,0
1991,female,15,58.3275163885701,0,58.3275163885701,0
1991,female,20,94.5308024228551,0,94.5308024228551,0
1991,female,25,90.5082150857123,0,90.5082150857123,0
1991,female,30,88.4969214171409,0,88.4969214171409,0
1991,female,35,146.824437805711,0,146.824437805711,0
1991,female,40,154.869612479997,0,154.869612479997,0
1991,female,45,164.926080822853,0,164.926080822853,0
1991,female,50,261.46817691428,0,261.46817691428,0
1991,female,55,301.694050285708,0,301.694050285708,0
1991,female,60,450.52978175999,0,450.52978175999,0
1991,female,65,491.654475012611,0,491.654475012611,0
1991,female,70,624.390482388737,0,624.390482388737,0
1991,female,75,695.666459319518,0,695.666459319518,0
1991,female,80,788.357591879094,0,788.357591879094,0
1991,female,85,1278.22874070139,0,1278.22874070139,0
1991,male,0,1071.11922297854,0,1071.11922297854,0
1991,male,1,179.485732899583,0,179.485732899583,0
1991,male,5,78.6510514953228,0,78.6510514953228,0
1991,male,10,56.4674215863856,0,56.4674215863856,0
1991,male,15,135.118473081708,0,135.118473081708,0
1991,male,20,197.63597555235,0,197.63597555235,0
1991,male,25,177.469039271498,0,177.469039271498,0
1991,male,30,217.802911833202,0,217.802911833202,0
1991,male,35,242.003235370224,0,242.003235370224,0
1991,male,40,258.136784394906,0,258.136784394906,0
1991,male,45,274.270333419587,0,274.270333419587,0
1991,male,50,262.170171651076,0,262.170171651076,0
1991,male,55,383.171789336188,0,383.171789336188,0
1991,male,60,445.689291806829,0,445.689291806829,0
1991,male,65,610.156936259902,0,610.156936259902,0
1991,male,70,789.652069078576,0,789.652069078576,0
1991,male,75,887.586993807794,0,887.586993807794,0
1991,male,80,847.08103666194,0,847.08103666194,0
1991,male,85,1156.52204280747,0,1156.52204280747,0
1992,female,0,743.008932714149,0,743.008932714149,0
1992,female,1,190.258352042707,0,190.258352042707,0
1992,female,5,46.0625483892869,0,46.0625483892869,0
1992,female,10,40.0543899037277,0,40.0543899037277,0
1992,female,15,68.0924628363371,0,68.0924628363371,0
1992,female,20,58.0788653604052,0,58.0788653604052,0
1992,female,25,90.1223772833874,0,90.1223772833874,0
1992,female,30,88.119657788201,0,88.119657788201,0
1992,female,35,142.193084158233,0,142.193084158233,0
1992,female,40,182.247474061961,0,182.247474061961,0
1992,female,45,204.277388509011,0,204.277388509011,0
1992,female,50,286.388887811653,0,286.388887811653,0
1992,female,55,306.416082763517,0,306.416082763517,0
1992,female,60,386.524862570973,0,386.524862570973,0
1992,female,65,502.682593291783,0,502.682593291783,0
1992,female,70,688.935506344117,0,688.935506344117,0
1992,female,75,654.889274925948,0,654.889274925948,0
1992,female,80,813.104115045673,0,813.104115045673,0
1992,female,85,1272.79466019856,0,1272.79466019856,0
1992,male,0,895.923828370201,0,895.923828370201,0
1992,male,1,130.865278301265,0,130.865278301265,0
1992,male,5,52.3461113205061,0,52.3461113205061,0
1992,male,10,66.4392951375655,0,66.4392951375655,0
1992,male,15,169.118205804712,0,169.118205804712,0
1992,male,20,203.344509360428,0,203.344509360428,0
1992,male,25,231.530876994546,0,231.530876994546,0
1992,male,30,193.2779494911,0,193.2779494911,0
1992,male,35,239.584124890009,0,239.584124890009,0
1992,male,40,308.03673200144,0,308.03673200144,0
1992,male,45,326.15653976623,0,326.15653976623,0
1992,male,50,346.289659504887,0,346.289659504887,0
1992,male,55,384.542587008333,0,384.542587008333,0
1992,male,60,463.061753989093,0,463.061753989093,0
1992,male,65,581.847160447164,0,581.847160447164,0
1992,male,70,676.472823218848,0,676.472823218848,0
1992,male,75,744.92543033028,0,744.92543033028,0
1992,male,80,853.644276919023,0,853.644276919023,0
1992,male,85,1120.34134114474,0,1120.34134114474,0
1993,female,0,810.530684930946,0,810.530684930946,0
1993,female,1,170.75588903132,0,170.75588903132,0
1993,female,5,50.2223203033295,0,50.2223203033295,0
1993,female,10,34.1511778062641,0,34.1511778062641,0
1993,female,15,64.2845699882618,0,64.2845699882618,0
1993,female,20,68.3023556125281,0,68.3023556125281,0
1993,female,25,80.3557124853272,0,80.3557124853272,0
1993,female,30,114.506890291591,0,114.506890291591,0
1993,female,35,120.533568727991,0,120.533568727991,0
1993,female,40,158.702532158521,0,158.702532158521,0
1993,female,45,192.853709964785,0,192.853709964785,0
1993,female,50,243.076030268115,0,243.076030268115,0
1993,female,55,359.591813371839,0,359.591813371839,0
1993,female,60,445.974204293566,0,445.974204293566,0
1993,female,65,486.15206053623,0,486.15206053623,0
1993,female,70,650.881271131151,0,650.881271131151,0
1993,female,75,685.032448937415,0,685.032448937415,0
1993,female,80,817.619374538205,0,817.619374538205,0
1993,female,85,1404.21607568109,0,1404.21607568109,0
1993,male,0,908.811027649144,0,908.811027649144,0
1993,male,1,156.647008709788,0,156.647008709788,0
1993,male,5,64.2654394706822,0,64.2654394706822,0
1993,male,10,68.2820294375998,0,68.2820294375998,0
1993,male,15,128.530878941364,0,128.530878941364,0
1993,male,20,210.870973263176,0,210.870973263176,0
1993,male,25,220.91244818047,0,220.91244818047,0
1993,male,30,226.937333130846,0,226.937333130846,0
1993,male,35,249.028577948893,0,249.028577948893,0
1993,male,40,271.11982276694,0,271.11982276694,0
1993,male,45,339.40185220454,0,339.40185220454,0
1993,male,50,377.559456890258,0,377.559456890258,0
1993,male,55,431.783421443646,0,431.783421443646,0
1993,male,60,455.882961245152,0,455.882961245152,0
1993,male,65,562.322595368469,0,562.322595368469,0
1993,male,70,783.235043548939,0,783.235043548939,0
1993,male,75,897.707857606091,0,897.707857606091,0
1993,male,80,907.749332523385,0,907.749332523385,0
1993,male,85,1261.20924961214,0,1261.20924961214,0
1994,female,0,644.20871559633,0,644.20871559633,0
1994,female,1,158.543577981651,0,158.543577981651,0
1994,female,5,40.1376146788991,0,40.1376146788991,0
1994,female,10,48.1651376146789,0,48.1651376146789,0
1994,female,15,56.1926605504587,0,56.1926605504587,0
1994,female,20,96.3302752293578,0,96.3302752293578,0
1994,female,25,82.2821100917431,0,82.2821100917431,0
1994,female,30,96.3302752293578,0,96.3302752293578,0
1994,female,35,110.378440366972,0,110.378440366972,0
1994,female,40,148.509174311927,0,148.509174311927,0
1994,female,45,178.612385321101,0,178.612385321101,0
1994,female,50,252.866972477064,0,252.866972477064,0
1994,female,55,351.204128440367,0,351.204128440367,0
1994,female,60,429.47247706422,0,429.47247706422,0
1994,female,65,503.727064220183,0,503.727064220183,0
1994,female,70,704.415137614679,0,704.415137614679,0
1994,female,75,768.635321100917,0,768.635321100917,0
1994,female,80,862.95871559633,0,862.95871559633,0
1994,female,85,1467.02981651376,0,1467.02981651376,0
1994,male,0,877.312089971884,0,877.312089971884,0
1994,male,1,175.059981255858,0,175.059981255858,0
1994,male,5,78.4751640112465,0,78.4751640112465,0
1994,male,10,66.4020618556701,0,66.4020618556701,0
1994,male,15,144.877225866917,0,144.877225866917,0
1994,male,20,183.108716026242,0,183.108716026242,0
1994,male,25,209.267104029991,0,209.267104029991,0
1994,male,30,227.376757263355,0,227.376757263355,0
1994,male,35,273.656982193065,0,273.656982193065,0
1994,male,40,291.766635426429,0,291.766635426429,0
1994,male,45,346.095595126523,0,346.095595126523,0
1994,male,50,338.046860356139,0,338.046860356139,0
1994,male,55,426.582942830366,0,426.582942830366,0
1994,male,60,446.704779756326,0,446.704779756326,0
1994,male,65,557.37488284911,0,557.37488284911,0
1994,male,70,808.897844423618,0,808.897844423618,0
1994,male,75,935.66541705717,0,935.66541705717,0
1994,male,80,949.750702905342,0,949.750702905342,0
1994,male,85,1251.57825679475,0,1251.57825679475,0
1995,female,0,612.210073484183,0,612.210073484183,0
1995,female,1,165.207240763511,0,165.207240763511,0
1995,female,5,64.4711183467361,0,64.4711183467361,0
1995,female,10,42.3091714150456,0,42.3091714150456,0
1995,female,15,50.3680612083876,0,50.3680612083876,0
1995,female,20,92.6772326234331,0,92.6772326234331,0
1995,female,25,56.4122285533941,0,56.4122285533941,0
1995,female,30,94.6919550717686,0,94.6919550717686,0
1995,female,35,108.795012210117,0,108.795012210117,0
1995,female,40,149.089461176827,0,149.089461176827,0
1995,female,45,187.369187695202,0,187.369187695202,0
1995,female,50,267.958085628622,0,267.958085628622,0
1995,female,55,330.414481527022,0,330.414481527022,0
1995,female,60,463.386163117166,0,463.386163117166,0
1995,female,65,554.048673292263,0,554.048673292263,0
1995,female,70,705.152856917426,0,705.152856917426,0
1995,female,75,828.050926265891,0,828.050926265891,0
1995,female,80,969.081497649377,0,969.081497649377,0
1995,female,85,1648.04296273844,0,1648.04296273844,0
1995,male,0,795.665318842477,0,795.665318842477,0
1995,male,1,156.669810557178,0,156.669810557178,0
1995,male,5,64.2747940747398,0,64.2747940747398,0
1995,male,10,72.3091433340823,0,72.3091433340823,0
1995,male,15,116.498064260466,0,116.498064260466,0
1995,male,20,186.798620279713,0,186.798620279713,0
1995,male,25,224.961779261589,0,224.961779261589,0
1995,male,30,239.021890465439,0,239.021890465439,0
1995,male,35,279.193636762151,0,279.193636762151,0
1995,male,40,299.279509910507,0,299.279509910507,0
1995,male,45,341.459843522055,0,341.459843522055,0
1995,male,50,353.511367411069,0,353.511367411069,0
1995,male,55,405.734637596795,0,405.734637596795,0
1995,male,60,474.026606301206,0,474.026606301206,0
1995,male,65,554.370098894631,0,554.370098894631,0
1995,male,70,805.443513249083,0,805.443513249083,0
1995,male,75,1022.37094325133,0,1022.37094325133,0
1995,male,80,1060.53410223321,0,1060.53410223321,0
1995,male,85,1436.13993010747,0,1436.13993010747,0
1996,female,0,595.71572401687,0,595.71572401687,0
1996,female,1,140.941738969149,0,140.941738969149,0
1996,female,5,68.4574160707294,0,68.4574160707294,0
1996,female,10,36.2421614492097,0,36.2421614492097,0
1996,female,15,56.3766955876595,0,56.3766955876595,0
1996,female,20,68.4574160707294,0,68.4574160707294,0
1996,female,25,90.6054036230241,0,90.6054036230241,0
1996,female,30,84.5650433814892,0,84.5650433814892,0
1996,female,35,112.753391175319,0,112.753391175319,0
1996,female,40,165.103179935288,0,165.103179935288,0
1996,female,45,219.466422109103,0,219.466422109103,0
1996,female,50,249.668223316778,0,249.668223316778,0
1996,female,55,352.354347422872,0,352.354347422872,0
1996,female,60,426.852123735136,0,426.852123735136,0
1996,female,65,525.51134101354,0,525.51134101354,0
1996,female,70,722.829775570348,0,722.829775570348,0
1996,female,75,845.650433814892,0,845.650433814892,0
1996,female,80,849.677340642582,0,849.677340642582,0
1996,female,85,1572.50711621293,0,1572.50711621293,0
1996,male,0,778.315402967271,0,778.315402967271,0
1996,male,1,163.269270653301,0,163.269270653301,0
1996,male,5,52.4074202097016,0,52.4074202097016,0
1996,male,10,66.5171102661597,0,66.5171102661597,0
1996,male,15,116.908860467796,0,116.908860467796,0
1996,male,20,231.802050927526,0,231.802050927526,0
1996,male,25,241.880400967853,0,241.880400967853,0
1996,male,30,227.770710911395,0,227.770710911395,0
1996,male,35,278.162461113031,0,278.162461113031,0
1996,male,40,320.491531282406,0,320.491531282406,0
1996,male,45,314.444521258209,0,314.444521258209,0
1996,male,50,356.773591427584,0,356.773591427584,0
1996,male,55,437.400391750202,0,437.400391750202,0
1996,male,60,507.948842032492,0,507.948842032492,0
1996,male,65,604.701002419634,0,604.701002419634,0
1996,male,70,870.769443484272,0,870.769443484272,0
1996,male,75,967.521603871414,0,967.521603871414,0
1996,male,80,1011.86634404885,0,1011.86634404885,0
1996,male,85,1455.31374582325,0,1455.31374582325,0
1997,female,0,651.641666126241,0,651.641666126241,0
1997,female,1,135.223957101875,0,135.223957101875,0
1997,female,5,54.4932364440392,0,54.4932364440392,0
1997,female,10,32.2922882631343,0,32.2922882631343,0
1997,female,15,52.4749684275933,0,52.4749684275933,0
1997,female,20,78.7124526413899,0,78.7124526413899,0
1997,female,25,78.7124526413899,0,78.7124526413899,0
1997,female,30,98.8951328058489,0,98.8951328058489,0
1997,female,35,125.132617019646,0,125.132617019646,0
1997,female,40,181.644121480131,0,181.644121480131,0
1997,female,45,222.009481809048,0,222.009481809048,0
1997,female,50,274.484450236642,0,274.484450236642,0
1997,female,55,337.050758746465,0,337.050758746465,0
1997,female,60,464.201643782556,0,464.201643782556,0
1997,female,65,524.749684275933,0,524.749684275933,0
1997,female,70,748.777434101427,0,748.777434101427,0
1997,female,75,851.709102940168,0,851.709102940168,0
1997,female,80,869.873515088181,0,869.873515088181,0
1997,female,85,1509.66447630153,0,1509.66447630153,0
1997,male,0,741.083474372729,0,741.083474372729,0
1997,male,1,153.413253999986,0,153.413253999986,0
1997,male,5,54.5020770789426,0,54.5020770789426,0
1997,male,10,62.5764588684155,0,62.5764588684155,0
1997,male,15,133.227299526304,0,133.227299526304,0
1997,male,20,173.599208473669,0,173.599208473669,0
1997,male,25,181.673590263142,0,181.673590263142,0
1997,male,30,248.287240026294,0,248.287240026294,0
1997,male,35,276.547576289449,0,276.547576289449,0
1997,male,40,280.584767184186,0,280.584767184186,0
1997,male,45,387.570325894703,0,387.570325894703,0
1997,male,50,359.309989631547,0,359.309989631547,0
1997,male,55,409.774875815753,0,409.774875815753,0
1997,male,60,522.816220868375,0,522.816220868375,0
1997,male,65,571.262511605213,0,571.262511605213,0
1997,male,70,845.791492447294,0,845.791492447294,0
1997,male,75,999.20474644728,0,999.20474644728,0
1997,male,80,934.609692131496,0,934.609692131496,0
1997,male,85,1348.42175884199,0,1348.42175884199,0
1998,female,0,603.291897102912,0,603.291897102912,0
1998,female,1,129.80259802056,0,129.80259802056,0
1998,female,5,44.6196430695674,0,44.6196430695674,0
1998,female,10,42.5914774754961,0,42.5914774754961,0
1998,female,15,52.7323054458524,0,52.7323054458524,0
1998,female,20,68.9576301984223,0,68.9576301984223,0
1998,female,25,66.9294646043511,0,66.9294646043511,0
1998,female,30,89.2392861391348,0,89.2392861391348,0
1998,female,35,117.633604456132,0,117.633604456132,0
1998,female,40,137.915260396845,0,137.915260396845,0
1998,female,45,231.210877724122,0,231.210877724122,0
1998,female,50,233.239043318193,0,233.239043318193,0
1998,female,55,425.914774754961,0,425.914774754961,0
1998,female,60,460.393589854173,0,460.393589854173,0
1998,female,65,600.337015845088,0,600.337015845088,0
1998,female,70,724.055117083434,0,724.055117083434,0
1998,female,75,866.026708668421,0,866.026708668421,0
1998,female,80,971.491319560126,0,971.491319560126,0
1998,female,85,1766.53223243605,0,1766.53223243605,0
1998,male,0,719.716851881708,0,719.716851881708,0
1998,male,1,140.465097526554,0,140.465097526554,0
1998,male,5,67.1789596866126,0,67.1789596866126,0
1998,male,10,54.9646033799558,0,54.9646033799558,0
1998,male,15,126.215015168787,0,126.215015168787,0
1998,male,20,160.822358037648,0,160.822358037648,0
1998,male,25,191.35824880429,0,191.35824880429,0
1998,male,30,252.430030337575,0,252.430030337575,0
1998,male,35,311.466085819749,0,311.466085819749,0
1998,male,40,313.501811870859,0,313.501811870859,0
1998,male,45,311.466085819749,0,311.466085819749,0
1998,male,50,374.573593404143,0,374.573593404143,0
1998,male,55,462.10981360185,0,462.10981360185,0
1998,male,60,517.074416981806,0,517.074416981806,0
1998,male,65,720.647022092753,0,720.647022092753,0
1998,male,70,804.111790188242,0,804.111790188242,0
1998,male,75,999.541491094751,0,999.541491094751,0
1998,male,80,1001.57721714586,0,1001.57721714586,0
1998,male,85,1473.86566100326,0,1473.86566100326,0
1999,female,0,507.826517257938,0,507.826517257938,0
1999,female,1,116.052076233062,0,116.052076233062,0
1999,female,5,40.7200267484427,0,40.7200267484427,0
1999,female,10,34.6120227361763,0,34.6120227361763,0
1999,female,15,50.9000334355533,0,50.9000334355533,0
1999,female,20,65.1520427975083,0,65.1520427975083,0
1999,female,25,75.3320494846189,0,75.3320494846189,0
1999,female,30,89.5840588465739,0,89.5840588465739,0
1999,female,35,122.160080245328,0,122.160080245328,0
1999,female,40,160.844105656349,0,160.844105656349,0
1999,female,45,205.636135079635,0,205.636135079635,0
1999,female,50,293.184192588787,0,293.184192588787,0
1999,female,55,323.724212650119,0,323.724212650119,0
1999,female,60,490.676322318734,0,490.676322318734,0
1999,female,65,629.124413263439,0,629.124413263439,0
1999,female,70,710.564466760325,0,710.564466760325,0
1999,female,75,897.876589803161,0,897.876589803161,0
1999,female,80,932.488612539337,0,932.488612539337,0
1999,female,85,1492.38898033042,0,1492.38898033042,0
1999,male,0,693.053376514202,0,693.053376514202,0
1999,male,1,136.742595675654,0,136.742595675654,0
1999,male,5,57.1461593868404,0,57.1461593868404,0
1999,male,10,51.0233565953932,0,51.0233565953932,0
1999,male,15,130.619792884207,0,130.619792884207,0
1999,male,20,214.298097700652,0,214.298097700652,0
1999,male,25,202.052492117757,0,202.052492117757,0
1999,male,30,185.725018007231,0,185.725018007231,0
1999,male,35,283.689862670386,0,283.689862670386,0
1999,male,40,267.362388559861,0,267.362388559861,0
1999,male,45,275.526125615123,0,275.526125615123,0
1999,male,50,381.654707333541,0,381.654707333541,0
1999,male,55,455.128340830908,0,455.128340830908,0
1999,male,60,506.151697426301,0,506.151697426301,0
1999,male,65,653.098964421033,0,653.098964421033,0
1999,male,70,800.046231415766,0,800.046231415766,0
1999,male,75,1042.91740880984,0,1042.91740880984,0
1999,male,80,1044.95834307365,0,1044.95834307365,0
1999,male,85,1393.95810218614,0,1393.95810218614,0
2000,female,0,498.429313426558,0,498.429313426558,0
2000,female,1,103.991507067148,0,103.991507067148,0
2000,female,5,50.9762289544845,0,50.9762289544845,0
2000,female,10,50.9762289544845,0,50.9762289544845,0
2000,female,15,63.2105239035608,0,63.2105239035608,0
2000,female,20,61.1714747453814,0,61.1714747453814,0
2000,female,25,83.6010154853546,0,83.6010154853546,0
2000,female,30,124.381998648942,0,124.381998648942,0
2000,female,35,126.421047807122,0,126.421047807122,0
2000,female,40,167.202030970709,0,167.202030970709,0
2000,female,45,214.100161608835,0,214.100161608835,0
2000,female,50,311.974521201445,0,311.974521201445,0
2000,female,55,360.91170099775,0,360.91170099775,0
2000,female,60,505.684191228486,0,505.684191228486,0
2000,female,65,568.894715132047,0,568.894715132047,0
2000,female,70,721.8234019955,0,721.8234019955,0
2000,female,75,907.376875389824,0,907.376875389824,0
2000,female,80,940.001661920694,0,940.001661920694,0
2000,female,85,1553.75545853269,0,1553.75545853269,0
2000,male,0,627.202931214983,0,627.202931214983,0
2000,male,1,97.5691556414374,0,97.5691556414374,0
2000,male,5,65.0461037609582,0,65.0461037609582,0
2000,male,10,63.0134130184283,0,63.0134130184283,0
2000,male,15,119.928753809267,0,119.928753809267,0
2000,male,20,174.811403857575,0,174.811403857575,0
2000,male,25,203.269074252995,0,203.269074252995,0
2000,male,30,241.890198361064,0,241.890198361064,0
2000,male,35,256.119033558773,0,256.119033558773,0
2000,male,40,329.295900289851,0,329.295900289851,0
2000,male,45,378.08047811057,0,378.08047811057,0
2000,male,50,400.440076278399,0,400.440076278399,0
2000,male,55,493.943850434777,0,493.943850434777,0
2000,male,60,532.564974542846,0,532.564974542846,0
2000,male,65,666.722563549822,0,666.722563549822,0
2000,male,70,766.324409933789,0,766.324409933789,0
2000,male,75,1010.24729903738,0,1010.24729903738,0
2000,male,80,933.005050821245,0,933.005050821245,0
2000,male,85,1345.64127155482,0,1345.64127155482,0
2001,female,0,533.108321981359,0,533.108321981359,0
2001,female,1,110.891407380735,0,110.891407380735,0
2001,female,5,46.3727703592163,0,46.3727703592163,0
2001,female,10,36.2917333246041,0,36.2917333246041,0
2001,female,15,64.5186370215184,0,64.5186370215184,0
2001,female,20,66.5348444284408,0,66.5348444284408,0
2001,female,25,54.4375999869061,0,54.4375999869061,0
2001,female,30,74.5996740561306,0,74.5996740561306,0
2001,female,35,114.92382219458,0,114.92382219458,0
2001,female,40,139.118311077649,0,139.118311077649,0
2001,female,45,219.766607354547,0,219.766607354547,0
2001,female,50,320.576977700669,0,320.576977700669,0
2001,female,55,387.11182212911,0,387.11182212911,0
2001,female,60,489.938399882155,0,489.938399882155,0
2001,female,65,564.538073938286,0,564.538073938286,0
2001,female,70,762.126399816686,0,762.126399816686,0
2001,female,75,1014.15232568199,0,1014.15232568199,0
2001,female,80,963.747140508931,0,963.747140508931,0
2001,female,85,1750.06802920869,0,1750.06802920869,0
2001,male,0,600.514308887156,0,600.514308887156,0
2001,male,1,125.11196088662,0,125.11196088662,0
2001,male,5,66.5918501493301,0,66.5918501493301,0
2001,male,10,66.5918501493301,0,66.5918501493301,0
2001,male,15,113.00435176856,0,113.00435176856,0
2001,male,20,145.29130941672,0,145.29130941672,0
2001,male,25,228.02663839013,0,228.02663839013,0
2001,male,30,244.17011721421,0,244.17011721421,0
2001,male,35,266.36740059732,0,266.36740059732,0
2001,male,40,300.672293098491,0,300.672293098491,0
2001,male,45,332.959250746651,0,332.959250746651,0
2001,male,50,409.640775161031,0,409.640775161031,0
2001,male,55,524.663061782601,0,524.663061782601,0
2001,male,60,498.429908693471,0,498.429908693471,0
2001,male,65,669.954371199321,0,669.954371199321,0
2001,male,70,857.622312529251,0,857.622312529251,0
2001,male,75,988.788077974902,0,988.788077974902,0
2001,male,80,1109.8641691555,0,1109.8641691555,0
2001,male,85,1452.9130941672,0,1452.9130941672,0
2002,female,0,448.812043792832,0,448.812043792832,0
2002,female,1,72.3113363167506,0,72.3113363167506,0
2002,female,5,46.1989093134796,0,46.1989093134796,0
2002,female,10,54.233502237563,0,54.233502237563,0
2002,female,15,52.2248540065421,0,52.2248540065421,0
2002,female,20,78.3372810098132,0,78.3372810098132,0
2002,female,25,78.3372810098132,0,78.3372810098132,0
2002,female,30,108.467004475126,0,108.467004475126,0
2002,female,35,130.562135016355,0,130.562135016355,0
2002,female,40,176.761044329835,0,176.761044329835,0
2002,female,45,237.02049126046,0,237.02049126046,0
2002,female,50,313.349124039253,0,313.349124039253,0
2002,female,55,459.980444903775,0,459.980444903775,0
2002,female,60,512.205298910317,0,512.205298910317,0
2002,female,65,592.551228151151,0,592.551228151151,0
2002,female,70,811.493885332424,0,811.493885332424,0
2002,female,75,881.796573418153,0,881.796573418153,0
2002,female,80,1074.62680359616,0,1074.62680359616,0
2002,female,85,1767.61044329835,0,1767.61044329835,0
2002,male,0,572.264252493111,0,572.264252493111,0
2002,male,1,112.618710884887,0,112.618710884887,0
2002,male,5,56.3093554424434,0,56.3093554424434,0
2002,male,10,62.3425006684195,0,62.3425006684195,0
2002,male,15,124.685001336839,0,124.685001336839,0
2002,male,20,191.049598822576,0,191.049598822576,0
2002,male,25,285.568874029535,0,285.568874029535,0
2002,male,30,243.336857447702,0,243.336857447702,0
2002,male,35,285.568874029535,0,285.568874029535,0
2002,male,40,357.966616741247,0,357.966616741247,0
2002,male,45,434.386456270278,0,434.386456270278,0
2002,male,50,512.817344207967,0,512.817344207967,0
2002,male,55,470.585327626134,0,470.585327626134,0
2002,male,60,593.259280554315,0,593.259280554315,0
2002,male,65,756.154201655669,0,756.154201655669,0
2002,male,70,782.297830968232,0,782.297830968232,0
2002,male,75,993.457913877395,0,993.457913877395,0
2002,male,80,1120.15396362289,0,1120.15396362289,0
2002,male,85,1510.29735490268,0,1510.29735490268,0
2003,female,0,427.131741258641,0,427.131741258641,0
2003,female,1,100.265666962122,0,100.265666962122,0
2003,female,5,34.0903267671216,0,34.0903267671216,0
2003,female,10,54.1434601595461,0,54.1434601595461,0
2003,female,15,66.1753401950007,0,66.1753401950007,0
2003,female,20,78.2072202304554,0,78.2072202304554,0
2003,female,25,102.270980301365,0,102.270980301365,0
2003,female,30,76.201906891213,0,76.201906891213,0
2003,female,35,128.340053711517,0,128.340053711517,0
2003,female,40,150.398500443184,0,150.398500443184,0
2003,female,45,248.658854066063,0,248.658854066063,0
2003,female,50,324.860760957276,0,324.860760957276,0
2003,female,55,381.009534456065,0,381.009534456065,0
2003,female,60,489.296454775157,0,489.296454775157,0
2003,female,65,633.679015200613,0,633.679015200613,0
2003,female,70,890.359122623646,0,890.359122623646,0
2003,female,75,1018.69917633516,0,1018.69917633516,0
2003,female,80,1225.24645027713,0,1225.24645027713,0
2003,female,85,1874.01017711802,0,1874.01017711802,0
2003,male,0,542.296719266986,0,542.296719266986,0
2003,male,1,92.3912929121532,0,92.3912929121532,0
2003,male,5,50.2126591913876,0,50.2126591913876,0
2003,male,10,48.2041528237321,0,48.2041528237321,0
2003,male,15,160.68050941244,0,160.68050941244,0
2003,male,20,198.842130397895,0,198.842130397895,0
2003,male,25,239.012257751005,0,239.012257751005,0
2003,male,30,287.216410574737,0,287.216410574737,0
2003,male,35,313.326993354259,0,313.326993354259,0
2003,male,40,353.497120707369,0,353.497120707369,0
2003,male,45,403.709779898756,0,403.709779898756,0
2003,male,50,447.896919987177,0,447.896919987177,0
2003,male,55,528.237174693398,0,528.237174693398,0
2003,male,60,586.483859355407,0,586.483859355407,0
2003,male,65,745.155862400192,0,745.155862400192,0
2003,male,70,877.717282665455,0,877.717282665455,0
2003,male,75,1036.38928571024,0,1036.38928571024,0
2003,male,80,1289.46108803483,0,1289.46108803483,0
2003,male,85,1716.22375813327,0,1716.22375813327,0
2004,female,0,434.493350062735,0,434.493350062735,0
2004,female,1,94.5425345043915,0,94.5425345043915,0
2004,female,5,42.242409033877,0,42.242409033877,0
2004,female,10,40.2308657465496,0,40.2308657465496,0
2004,female,15,60.3462986198243,0,60.3462986198243,0
2004,female,20,64.3693851944793,0,64.3693851944793,0
2004,female,25,68.3924717691342,0,68.3924717691342,0
2004,female,30,58.3347553324969,0,58.3347553324969,0
2004,female,35,118.681053952321,0,118.681053952321,0
2004,female,40,152.877289836888,0,152.877289836888,0
2004,female,45,225.292848180678,0,225.292848180678,0
2004,female,50,305.754579673777,0,305.754579673777,0
2004,female,55,466.678042659975,0,466.678042659975,0
2004,female,60,557.197490589711,0,557.197490589711,0
2004,female,65,716.109410288582,0,716.109410288582,0
2004,female,70,770.421079046424,0,770.421079046424,0
2004,female,75,893.1252195734,0,893.1252195734,0
2004,female,80,1158.64893350063,0,1158.64893350063,0
2004,female,85,1788.26198243413,0,1788.26198243413,0
2004,male,0,528.002618943693,0,528.002618943693,0
2004,male,1,78.5958096900917,0,78.5958096900917,0
2004,male,5,58.4430379746835,0,58.4430379746835,0
2004,male,10,60.4583151462244,0,60.4583151462244,0
2004,male,15,104.794412920122,0,104.794412920122,0
2004,male,20,171.298559580969,0,171.298559580969,0
2004,male,25,205.558271497163,0,205.558271497163,0
2004,male,30,245.863814927979,0,245.863814927979,0
2004,male,35,282.138804015714,0,282.138804015714,0
2004,male,40,358.719336534265,0,358.719336534265,0
2004,male,45,419.177651680489,0,419.177651680489,0
2004,male,50,451.422086425142,0,451.422086425142,0
2004,male,55,487.697075512876,0,487.697075512876,0
2004,male,60,602.567874290703,0,602.567874290703,0
2004,male,65,725.499781754692,0,725.499781754692,0
2004,male,70,820.21780881711,0,820.21780881711,0
2004,male,75,898.813618507202,0,898.813618507202,0
2004,male,80,1146.69271060672,0,1146.69271060672,0
2004,male,85,1588.03841117416,0,1588.03841117416,0
2005,female,0,344.292321625504,0,344.292321625504,0
2005,female,1,100.428273641043,0,100.428273641043,0
2005,female,5,46.1970058748797,0,46.1970058748797,0
2005,female,10,36.1541785107754,0,36.1541785107754,0
2005,female,15,50.2141368205214,0,50.2141368205214,0
2005,female,20,76.3254879671925,0,76.3254879671925,0
2005,female,25,76.3254879671925,0,76.3254879671925,0
2005,female,30,100.428273641043,0,100.428273641043,0
2005,female,35,104.445404586684,0,104.445404586684,0
2005,female,40,130.556755733356,0,130.556755733356,0
2005,female,45,269.147773357995,0,269.147773357995,0
2005,female,50,275.173469776457,0,275.173469776457,0
2005,female,55,470.00432064008,0,470.00432064008,0
2005,female,60,554.364070498556,0,554.364070498556,0
2005,female,65,690.946522650374,0,690.946522650374,0
2005,female,70,935.991510334518,0,935.991510334518,0
2005,female,75,985.218033011765,0,985.218033011765,0
2005,female,80,1243.30202767611,0,1243.30202767611,0
2005,female,85,1952.32563958187,0,1952.32563958187,0
2005,male,0,494.270362527085,0,494.270362527085,0
2005,male,1,129.333039374994,0,129.333039374994,0
2005,male,5,66.6873484277313,0,66.6873484277313,0
2005,male,10,68.7081771679655,0,68.7081771679655,0
2005,male,15,137.416354335931,0,137.416354335931,0
2005,male,20,143.478840556634,0,143.478840556634,0
2005,male,25,244.520277568348,0,244.520277568348,0
2005,male,30,242.499448828114,0,242.499448828114,0
2005,male,35,313.228454736313,0,313.228454736313,0
2005,male,40,347.582543320296,0,347.582543320296,0
2005,male,45,436.499007890605,0,436.499007890605,0
2005,male,50,515.311328759741,0,515.311328759741,0
2005,male,55,559.769561044896,0,559.769561044896,0
2005,male,60,630.498566953095,0,630.498566953095,0
2005,male,65,763.873263808558,0,763.873263808558,0
2005,male,70,907.352104365192,0,907.352104365192,0
2005,male,75,958.866466878176,0,958.866466878176,0
2005,male,80,1287.26790752924,0,1287.26790752924,0
2005,male,85,1648.99625203117,0,1648.99625203117,0
2006,female,0,401.207629067945,0,401.207629067945,0
2006,female,1,82.2475639589288,0,82.2475639589288,0
2006,female,5,46.1388773428137,0,46.1388773428137,0
2006,female,10,38.1147247614548,0,38.1147247614548,0
2006,female,15,52.1569917788329,0,52.1569917788329,0
2006,female,20,76.2294495229096,0,76.2294495229096,0
2006,female,25,54.1630299241726,0,54.1630299241726,0
2006,female,30,90.2717165402877,0,90.2717165402877,0
2006,female,35,98.2958691216466,0,98.2958691216466,0
2006,female,40,158.477013481838,0,158.477013481838,0
2006,female,45,258.778920748825,0,258.778920748825,0
2006,female,50,377.135171323869,0,377.135171323869,0
2006,female,55,467.406887864156,0,467.406887864156,0
2006,female,60,509.53368891629,0,509.53368891629,0
2006,female,65,756.192050527094,0,756.192050527094,0
2006,female,70,816.457525153269,0,816.457525153269,0
2006,female,75,950.86208089103,0,950.86208089103,0
2006,female,80,1161.4960861517,0,1161.4960861517,0
2006,female,85,2242.75064648981,0,2242.75064648981,0
2006,male,0,488.072076142173,0,488.072076142173,0
2006,male,1,116.494569614181,0,116.494569614181,0
2006,male,5,36.1534871216425,0,36.1534871216425,0
2006,male,10,60.2558118694041,0,60.2558118694041,0
2006,male,15,188.801543857466,0,188.801543857466,0
2006,male,20,194.827125044407,0,194.827125044407,0
2006,male,25,210.895341542914,0,210.895341542914,0
2006,male,30,271.151153412319,0,271.151153412319,0
2006,male,35,309.313167596274,0,309.313167596274,0
2006,male,40,383.628668901873,0,383.628668901873,0
2006,male,45,431.833318397396,0,431.833318397396,0
2006,male,50,572.430212759339,0,572.430212759339,0
2006,male,55,614.609281067922,0,614.609281067922,0
2006,male,60,662.813930563445,0,662.813930563445,0
2006,male,65,823.580530444136,0,823.580530444136,0
2006,male,70,952.041827536585,0,952.041827536585,0
2006,male,75,1002.25500409442,0,1002.25500409442,0
2006,male,80,1195.07360207652,0,1195.07360207652,0
2006,male,85,1849.85342439071,0,1849.85342439071,0
2007,female,0,374.103670453823,0,374.103670453823,0
2007,female,1,82.2615953624149,0,82.2615953624149,0
2007,female,5,44.140368243247,0,44.140368243247,0
2007,female,10,32.1020859950887,0,32.1020859950887,0
2007,female,15,68.2169327395636,0,68.2169327395636,0
2007,female,20,96.3062579852662,0,96.3062579852662,0
2007,female,25,74.2360738636427,0,74.2360738636427,0
2007,female,30,128.408343980355,0,128.408343980355,0
2007,female,35,132.421104729741,0,132.421104729741,0
2007,female,40,200.638037469305,0,200.638037469305,0
2007,female,45,224.714601965621,0,224.714601965621,0
2007,female,50,339.078283323125,0,339.078283323125,0
2007,female,55,493.569572174489,0,493.569572174489,0
2007,female,60,543.729081541816,0,543.729081541816,0
2007,female,65,772.456444256823,0,772.456444256823,0
2007,female,70,914.909450860029,0,914.909450860029,0
2007,female,75,957.043438728583,0,957.043438728583,0
2007,female,80,1169.71975844605,0,1169.71975844605,0
2007,female,85,2156.85890279503,0,2156.85890279503,0
2007,male,0,444.482824359289,0,444.482824359289,0
2007,male,1,112.353080170314,0,112.353080170314,0
2007,male,5,40.1261000608266,0,40.1261000608266,0
2007,male,10,72.2269801094878,0,72.2269801094878,0
2007,male,15,186.586365282844,0,186.586365282844,0
2007,male,20,218.687245331505,0,218.687245331505,0
2007,male,25,250.788125380166,0,250.788125380166,0
2007,male,30,310.977275471406,0,310.977275471406,0
2007,male,35,298.939445453158,0,298.939445453158,0
2007,male,40,421.324050638679,0,421.324050638679,0
2007,male,45,477.500590723836,0,477.500590723836,0
2007,male,50,541.702350821159,0,541.702350821159,0
2007,male,55,708.225666073589,0,708.225666073589,0
2007,male,60,644.023905976266,0,644.023905976266,0
2007,male,65,832.616576262151,0,832.616576262151,0
2007,male,70,975.064231478085,0,975.064231478085,0
2007,male,75,1157.63798675485,0,1157.63798675485,0
2007,male,80,1203.7830018248,0,1203.7830018248,0
2007,male,85,1922.04019291359,0,1922.04019291359,0
2008,female,0,415.621686843826,0,415.621686843826,0
2008,female,1,88.1522342550681,0,88.1522342550681,0
2008,female,5,44.0761171275341,0,44.0761171275341,0
2008,female,10,64.1107158218677,0,64.1107158218677,0
2008,female,15,70.1210954301678,0,70.1210954301678,0
2008,female,20,98.1695336022349,0,98.1695336022349,0
2008,female,25,96.1660737328016,0,96.1660737328016,0
2008,female,30,106.183373079968,0,106.183373079968,0
2008,female,35,152.262950076936,0,152.262950076936,0
2008,female,40,208.35982642107,0,208.35982642107,0
2008,female,45,270.467082373504,0,270.467082373504,0
2008,female,50,370.640075845173,0,370.640075845173,0
2008,female,55,510.882266705508,0,510.882266705508,0
2008,female,60,711.228253648845,0,711.228253648845,0
2008,female,65,793.370108295613,0,793.370108295613,0
2008,female,70,951.643437980849,0,951.643437980849,0
2008,female,75,1063.83719066912,0,1063.83719066912,0
2008,female,80,1101.90292818835,0,1101.90292818835,0
2008,female,85,2147.70898003257,0,2147.70898003257,0
2008,male,0,504.827569217796,0,504.827569217796,0
2008,male,1,76.261568233962,0,76.261568233962,0
2008,male,5,50.1720843644487,0,50.1720843644487,0
2008,male,10,58.1996178627604,0,58.1996178627604,0
2008,male,15,134.461186096722,0,134.461186096722,0
2008,male,20,188.647037210327,0,188.647037210327,0
2008,male,25,272.936138942601,0,272.936138942601,0
2008,male,30,274.943022317179,0,274.943022317179,0
2008,male,35,335.149523554517,0,335.149523554517,0
2008,male,40,365.252774173186,0,365.252774173186,0
2008,male,45,527.810327514,0,527.810327514,0
2008,male,50,543.865394510623,0,543.865394510623,0
2008,male,55,624.140729493741,0,624.140729493741,0
2008,male,60,798.739583082023,0,798.739583082023,0
2008,male,65,870.987384566829,0,870.987384566829,0
2008,male,70,1011.46922078728,0,1011.46922078728,0
2008,male,75,1178.04054087725,0,1178.04054087725,0
2008,male,80,1194.09560787388,0,1194.09560787388,0
2008,male,85,2069.09675918986,0,2069.09675918986,0
2009,female,0,358.778938207137,0,358.778938207137,0
2009,female,1,80.1740644038294,0,80.1740644038294,0
2009,female,5,48.1044386422977,0,48.1044386422977,0
2009,female,10,38.082680591819,0,38.082680591819,0
2009,female,15,74.1610095735422,0,74.1610095735422,0
2009,female,20,74.1610095735422,0,74.1610095735422,0
2009,female,25,110.239338555265,0,110.239338555265,0
2009,female,30,116.252393385553,0,116.252393385553,0
2009,female,35,134.291557876414,0,134.291557876414,0
2009,female,40,172.374238468233,0,172.374238468233,0
2009,female,45,268.583115752829,0,268.583115752829,0
2009,female,50,368.800696257615,0,368.800696257615,0
2009,female,55,487.057441253264,0,487.057441253264,0
2009,female,60,647.405570060923,0,647.405570060923,0
2009,female,65,807.753698868581,0,807.753698868581,0
2009,female,70,942.045256744996,0,942.045256744996,0
2009,female,75,1088.36292428198,0,1088.36292428198,0
2009,female,80,1114.41949521323,0,1114.41949521323,0
2009,female,85,2280.95213228895,0,2280.95213228895,0
2009,male,0,467.693372555806,0,467.693372555806,0
2009,male,1,72.261636961412,0,72.261636961412,0
2009,male,5,62.2252984945492,0,62.2252984945492,0
2009,male,10,46.1671569475688,0,46.1671569475688,0
2009,male,15,164.59595085655,0,164.59595085655,0
2009,male,20,274.99567399204,0,274.99567399204,0
2009,male,25,252.915729364942,0,252.915729364942,0
2009,male,30,311.126492472746,0,311.126492472746,0
2009,male,35,335.213704793217,0,335.213704793217,0
2009,male,40,433.569821768472,0,433.569821768472,0
2009,male,45,517.875064890119,0,517.875064890119,0
2009,male,50,543.969544903963,0,543.969544903963,0
2009,male,55,670.427409586434,0,670.427409586434,0
2009,male,60,770.790794255061,0,770.790794255061,0
2009,male,65,859.110572763454,0,859.110572763454,0
2009,male,70,977.539366672435,0,977.539366672435,0
2009,male,75,1302.71673299879,0,1302.71673299879,0
2009,male,80,1354.90569302648,0,1354.90569302648,0
2009,male,85,2181.89998269597,0,2181.89998269597,0
2010,female,0,399.578110061,0,399.578110061,0
2010,female,1,58.0906696757433,0.666666666666667,57.4240030090766,0.0114763122957256
2010,female,5,46.071910432486,0,46.071910432486,0
2010,female,10,42.0656573514003,0,42.0656573514003,0
2010,female,15,72.1125554595434,1.33333333333333,70.7792221262101,0.0184896142542246
2010,female,20,82.1281881622577,1.33333333333333,80.7948548289244,0.0162347832476118
2010,female,25,68.1063023784576,0,68.1063023784576,0
2010,female,30,112.175086270401,0,112.175086270401,0
2010,female,35,166.259502865058,2.66666666666667,163.592836198391,0.0160391834494479
2010,female,40,182.284515189401,0.666666666666667,181.617848522734,0.00365728633600047
2010,female,45,270.422082973288,0.666666666666667,269.755416306621,0.00246528190056327
2010,female,50,380.594042703145,0,380.594042703145,0
2010,female,55,502.784761676261,0,502.784761676261,0
2010,female,60,733.144313838691,0,733.144313838691,0
2010,female,65,803.253742757691,0,803.253742757691,0
2010,female,70,1121.75086270401,0,1121.75086270401,0
2010,female,75,1189.85716508247,1.33333333333333,1188.52383174914,0.00112058268207421
2010,female,80,1356.11666794752,0.666666666666667,1355.45000128085,0.000491599788147775
2010,female,85,2664.15829892202,0,2664.15829892202,0
2010,male,0,437.624573455184,0.666666666666667,436.957906788517,0.00152337575882251
2010,male,1,76.1006868769023,1.33333333333333,74.767353543569,0.0175206478160977
2010,male,5,42.0556427477618,1.33333333333333,40.7223094144285,0.0317040293815101
2010,male,10,48.0635917117277,0,48.0635917117277,0
2010,male,15,120.158979279319,7.33333333333333,112.825645945986,0.0610302565594072
2010,male,20,248.32855717726,6,242.32855717726,0.0241615385205864
2010,male,25,196.259666156222,6.66666666666667,189.592999489555,0.0339686029087608
2010,male,30,280.370951651745,6.66666666666667,273.704284985078,0.0237780220361326
2010,male,35,350.463689564681,6,344.463689564681,0.0171201758660155
2010,male,40,416.551128168307,8.66666666666667,407.88446150164,0.020805769281616
2010,male,45,490.649165390554,4.66666666666667,485.982498723887,0.00951120881445305
2010,male,50,586.776348814009,5.33333333333333,581.443015480676,0.00908920978855582
2010,male,55,662.877035690912,3.33333333333333,659.543702357579,0.00502858472063227
2010,male,60,877.160548739031,4,873.160548739031,0.00456016860966927
2010,male,65,957.266534925244,4.66666666666667,952.599868258577,0.00487499196556694
2010,male,70,1129.4944052256,1.33333333333333,1128.16107189227,0.00118046917909878
2010,male,75,1365.80706447493,0.666666666666667,1365.14039780826,0.000488111889304775
2010,male,80,1347.78321758303,0,1347.78321758303,0
2010,male,85,2459.25377591674,0.666666666666667,2458.58710925007,0.000271084941780013
2011,female,0,352.849014933565,0,352.849014933565,0
2011,female,1,98.0604277322833,0,98.0604277322833,0
2011,female,5,36.0221979424714,0,36.0221979424714,0
2011,female,10,52.0320636946809,0,52.0320636946809,0
2011,female,15,58.0357633517595,0,58.0357633517595,0
2011,female,20,52.0320636946809,0,52.0320636946809,0
2011,female,25,104.064127389362,0,104.064127389362,0
2011,female,30,122.075226360598,0,122.075226360598,0
2011,female,35,140.086325331833,0,140.086325331833,0
2011,female,40,192.118389026514,0,192.118389026514,0
2011,female,45,260.160318473405,0,260.160318473405,0
2011,female,50,414.255276338421,0,414.255276338421,0
2011,female,55,542.334202356097,0,542.334202356097,0
2011,female,60,698.43039344014,0,698.43039344014,0
2011,female,65,780.480955420214,0,780.480955420214,0
2011,female,70,994.612909856016,0,994.612909856016,0
2011,female,75,1148.70786772103,0,1148.70786772103,0
2011,female,80,1278.78802695774,0,1278.78802695774,0
2011,female,85,2411.48602892656,0,2411.48602892656,0
2011,male,0,452.673911936976,0,452.673911936976,0
2011,male,1,90.2603066012393,0,90.2603066012393,0
2011,male,5,46.133045596189,0,46.133045596189,0
2011,male,10,48.1388301873276,0,48.1388301873276,0
2011,male,15,132.381783015151,0,132.381783015151,0
2011,male,20,200.578459113865,0,200.578459113865,0
2011,male,25,230.665227980945,0,230.665227980945,0
2011,male,30,286.827196532827,0,286.827196532827,0
2011,male,35,397.145349045453,0,397.145349045453,0
2011,male,40,415.197410365701,0,415.197410365701,0
2011,male,45,487.405655646692,0,487.405655646692,0
2011,male,50,619.787438661843,0,619.787438661843,0
2011,male,55,716.065099036498,0,716.065099036498,0
2011,male,60,862.48737418962,0,862.48737418962,0
2011,male,65,940.712973244027,0,940.712973244027,0
2011,male,70,1081.11789462373,0,1081.11789462373,0
2011,male,75,1219.5170314123,0,1219.5170314123,0
2011,male,80,1347.88724524517,0,1347.88724524517,0
2011,male,85,2214.38618861707,0,2214.38618861707,0
2012,female,0,420.17199017199,0,420.17199017199,0
2012,female,1,72.029484029484,0,72.029484029484,0
2012,female,5,30.012285012285,0,30.012285012285,0
2012,female,10,40.01638001638,0,40.01638001638,0
2012,female,15,78.031941031941,0,78.031941031941,0
2012,female,20,78.031941031941,0,78.031941031941,0
2012,female,25,84.034398034398,0,84.034398034398,0
2012,female,30,146.059787059787,0,146.059787059787,0
2012,female,35,140.05733005733,0,140.05733005733,0
2012,female,40,166.067977067977,0,166.067977067977,0
2012,female,45,288.117936117936,0,288.117936117936,0
2012,female,50,390.159705159705,0,390.159705159705,0
2012,female,55,562.230139230139,0,562.230139230139,0
2012,female,60,666.272727272727,0,666.272727272727,0
2012,female,65,774.316953316953,0,774.316953316953,0
2012,female,70,986.403767403767,0,986.403767403767,0
2012,female,75,1130.46273546274,0,1130.46273546274,0
2012,female,80,1252.51269451269,0,1252.51269451269,0
2012,female,85,2467.00982800983,0,2467.00982800983,0
2012,male,0,495.060611065235,0,495.060611065235,0
2012,male,1,72.1545829892651,0,72.1545829892651,0
2012,male,5,46.0987613542527,0,46.0987613542527,0
2012,male,10,42.0901734104046,0,42.0901734104046,0
2012,male,15,142.304872006606,0,142.304872006606,0
2012,male,20,204.437985136251,0,204.437985136251,0
2012,male,25,230.493806771263,0,230.493806771263,0
2012,male,30,320.687035507845,0,320.687035507845,0
2012,male,35,398.854500412882,0,398.854500412882,0
2012,male,40,440.944673823287,0,440.944673823287,0
2012,male,45,577.236663914121,0,577.236663914121,0
2012,male,50,657.408422791082,0,657.408422791082,0
2012,male,55,723.550123864575,0,723.550123864575,0
2012,male,60,976.091164327003,0,976.091164327003,0
2012,male,65,958.052518579686,0,958.052518579686,0
2012,male,70,1142.4475639967,0,1142.4475639967,0
2012,male,75,1190.55061932287,0,1190.55061932287,0
2012,male,80,1314.81684558216,0,1314.81684558216,0
2012,male,85,2202.71907514451,0,2202.71907514451,0
2013,female,0,366.281917966493,0,366.281917966493,0
2013,female,1,74.0569998074331,0,74.0569998074331,0
2013,female,5,48.0369728480647,0,48.0369728480647,0
2013,female,10,36.0277296360485,0,36.0277296360485,0
2013,female,15,100.077026766801,0,100.077026766801,0
2013,female,20,66.050837666089,0,66.050837666089,0
2013,female,25,104.080107837474,0,104.080107837474,0
2013,female,30,116.08935104949,0,116.08935104949,0
2013,female,35,150.115540150202,0,150.115540150202,0
2013,female,40,202.155594068939,0,202.155594068939,0
2013,female,45,336.258809936453,0,336.258809936453,0
2013,female,50,414.318890814558,0,414.318890814558,0
2013,female,55,606.466782206817,0,606.466782206817,0
2013,female,60,770.593106104371,0,770.593106104371,0
2013,female,65,840.647024841132,0,840.647024841132,0
2013,female,70,1056.81340265742,0,1056.81340265742,0
2013,female,75,1178.90737531292,0,1178.90737531292,0
2013,female,80,1242.95667244367,0,1242.95667244367,0
2013,female,85,2684.06585788562,0,2684.06585788562,0
2013,male,0,422.791621072378,0,422.791621072378,0
2013,male,1,76.1425668282007,0,76.1425668282007,0
2013,male,5,44.0825386900109,0,44.0825386900109,0
2013,male,10,54.1012974831952,0,54.1012974831952,0
2013,male,15,112.210098483664,0,112.210098483664,0
2013,male,20,166.311395966859,0,166.311395966859,0
2013,male,25,242.45396279506,0,242.45396279506,0
2013,male,30,314.589026105987,0,314.589026105987,0
2013,male,35,418.784117555104,0,418.784117555104,0
2013,male,40,440.825386900109,0,440.825386900109,0
2013,male,45,593.110520556511,0,593.110520556511,0
2013,male,50,665.245583867438,0,665.245583867438,0
2013,male,55,833.560731592934,0,833.560731592934,0
2013,male,60,945.770830076598,0,945.770830076598,0
2013,male,65,1140.13475066437,0,1140.13475066437,0
2013,male,70,1118.09348131937,0,1118.09348131937,0
2013,male,75,1352.53243707988,0,1352.53243707988,0
2013,male,80,1518.84383304674,0,1518.84383304674,0
2013,male,85,2358.41581991559,0,2358.41581991559,0
2014,female,0,288.94825380313,0,288.94825380313,0
2014,female,1,64.0362374068531,0,64.0362374068531,0
2014,female,5,30.0169862844624,0,30.0169862844624,0
2014,female,10,44.0249132172115,0,44.0249132172115,0
2014,female,15,60.0339725689248,0,60.0339725689248,0
2014,female,20,84.0475615964947,0,84.0475615964947,0
2014,female,25,114.064547880957,0,114.064547880957,0
2014,female,30,130.07360723267,0,130.07360723267,0
2014,female,35,162.091725936097,0,162.091725936097,0
2014,female,40,204.115506734344,0,204.115506734344,0
2014,female,45,294.166465587732,0,294.166465587732,0
2014,female,50,402.227616211796,0,402.227616211796,0
2014,female,55,582.329533918571,0,582.329533918571,0
2014,female,60,724.409935665026,0,724.409935665026,0
2014,female,65,940.532236913156,0,940.532236913156,0
2014,female,70,1068.60471172686,0,1068.60471172686,0
2014,female,75,1380.78136908527,0,1380.78136908527,0
2014,female,80,1384.7836339232,0,1384.7836339232,0
2014,female,85,2643.49592545166,0,2643.49592545166,0
2014,male,0,447.421203074008,0,447.421203074008,0
2014,male,1,68.0313142420241,0,68.0313142420241,0
2014,male,5,42.0193411494855,0,42.0193411494855,0
2014,male,10,56.025788199314,0,56.025788199314,0
2014,male,15,152.069996540995,0,152.069996540995,0
2014,male,20,194.089337690481,0,194.089337690481,0
2014,male,25,216.099468768782,0,216.099468768782,0
2014,male,30,272.125256968096,0,272.125256968096,0
2014,male,35,350.161176245712,0,350.161176245712,0
2014,male,40,464.213673651459,0,464.213673651459,0
2014,male,45,556.256039978903,0,556.256039978903,0
2014,male,50,748.344456662265,0,748.344456662265,0
2014,male,55,784.361034790396,0,784.361034790396,0
2014,male,60,928.427347302917,0,928.427347302917,0
2014,male,65,1150.52957909305,0,1150.52957909305,0
2014,male,70,1192.54892024254,0,1192.54892024254,0
2014,male,75,1396.64286296861,0,1396.64286296861,0
2014,male,80,1504.692597353,0,1504.692597353,0
2014,male,85,2511.15586393354,0,2511.15586393354,0
2015,female,0,399.621889633629,0,399.621889633629,0
2015,female,1,62.0206262924408,0,62.0206262924408,0
2015,female,5,34.0113111926288,0,34.0113111926288,0
2015,female,10,40.0133072854457,0,40.0133072854457,0
2015,female,15,80.0266145708913,0,80.0266145708913,0
2015,female,20,78.0259492066191,0,78.0259492066191,0
2015,female,25,92.030606756525,0,92.030606756525,0
2015,female,30,106.035264306431,0,106.035264306431,0
2015,female,35,194.064540334412,0,194.064540334412,0
2015,female,40,268.089158812486,0,268.089158812486,0
2015,female,45,374.124423118917,0,374.124423118917,0
2015,female,50,544.180979082061,0,544.180979082061,0
2015,female,55,666.22156630267,0,666.22156630267,0
2015,female,60,882.293425644077,0,882.293425644077,0
2015,female,65,1062.35330842858,0,1062.35330842858,0
2015,female,70,1204.40054929191,0,1204.40054929191,0
2015,female,75,1460.48571591877,0,1460.48571591877,0
2015,female,80,1536.51099976111,0,1536.51099976111,0
2015,female,85,2942.97875084453,0,2942.97875084453,0
2015,male,0,517.151381792872,0,517.151381792872,0
2015,male,1,84.1041429109792,0,84.1041429109792,0
2015,male,5,48.0595102348453,0,48.0595102348453,0
2015,male,10,54.0669490142009,0,54.0669490142009,0
2015,male,15,116.143816400876,0,116.143816400876,0
2015,male,20,236.292591987989,0,236.292591987989,0
2015,male,25,222.275234836159,0,222.275234836159,0
2015,male,30,298.369459374664,0,298.369459374664,0
2015,male,35,414.51327577554,0,414.51327577554,0
2015,male,40,488.605020720927,0,488.605020720927,0
2015,male,45,578.716602411262,0,578.716602411262,0
2015,male,50,734.910010674509,0,734.910010674509,0
2015,male,55,847.048867889148,0,847.048867889148,0
2015,male,60,1029.27451086294,0,1029.27451086294,0
2015,male,65,1223.51503139544,0,1223.51503139544,0
2015,male,70,1321.63653145824,0,1321.63653145824,0
2015,male,75,1599.98119490172,0,1599.98119490172,0
2015,male,80,1824.258909331,0,1824.258909331,0
2015,male,85,2897.58797124255,0,2897.58797124255,0
2016,female,0,322.720295662612,0,322.720295662612,0
2016,female,1,78.0397602292545,0,78.0397602292545,0
2016,female,5,38.0193703680983,0,38.0193703680983,0
2016,female,10,46.0234483403296,0,46.0234483403296,0
2016,female,15,48.0244678333874,0,48.0244678333874,0
2016,female,20,102.051994145948,0,102.051994145948,0
2016,female,25,88.0448576945435,0,88.0448576945435,0
2016,female,30,144.073403500162,0,144.073403500162,0
2016,female,35,166.084617923798,0,166.084617923798,0
2016,female,40,244.124378153053,0,244.124378153053,0
2016,female,45,350.178411285116,0,350.178411285116,0
2016,female,50,542.276282618666,0,542.276282618666,0
2016,female,55,678.345608146597,0,678.345608146597,0
2016,female,60,862.439401507915,0,862.439401507915,0
2016,female,65,1060.54033132064,0,1060.54033132064,0
2016,female,70,1196.60965684857,0,1196.60965684857,0
2016,female,75,1368.69733325154,0,1368.69733325154,0
2016,female,80,1514.77175624476,0,1514.77175624476,0
2016,female,85,2925.49049885051,0,2925.49049885051,0
2016,male,0,386.195926954729,0,386.195926954729,0
2016,male,1,86.1677412401074,0,86.1677412401074,0
2016,male,5,28.0546134270117,0,28.0546134270117,0
2016,male,10,60.1170287721679,0,60.1170287721679,0
2016,male,15,122.237958503408,0,122.237958503408,0
2016,male,20,266.518827556611,0,266.518827556611,0
2016,male,25,298.581242901767,0,298.581242901767,0
2016,male,30,324.631955369707,0,324.631955369707,0
2016,male,35,424.82700332332,0,424.82700332332,0
2016,male,40,587.142981008174,0,587.142981008174,0
2016,male,45,685.334128002715,0,685.334128002715,0
2016,male,50,805.56818554705,0,805.56818554705,0
2016,male,55,849.65400664664,0,849.65400664664,0
2016,male,60,1072.08701310366,0,1072.08701310366,0
2016,male,65,1314.55902915141,0,1314.55902915141,0
2016,male,70,1366.66045408728,0,1366.66045408728,0
2016,male,75,1502.9257193042,0,1502.9257193042,0
2016,male,80,1514.94912505863,0,1514.94912505863,0
2016,male,85,2687.23118611591,0,2687.23118611591,0
2017,female,0,346.529411764706,0,346.529411764706,0
2017,female,1,74,0,74,0
2017,female,5,42,0,42,0
2017,female,10,26,0,26,0
2017,female,15,60,0,60,0
2017,female,20,84,0,84,0
2017,female,25,102,0,102,0
2017,female,30,112,0,112,0
2017,female,35,148,0,148,0
2017,female,40,286,0,286,0
2017,female,45,344,0,344,0
2017,female,50,436,0,436,0
2017,female,55,678,0,678,0
2017,female,60,890,0,890,0
2017,female,65,1058,0,1058,0
2017,female,70,1234,0,1234,0
2017,female,75,1288,0,1288,0
2017,female,80,1436,0,1436,0
2017,female,85,2764,0,2764,0
2017,male,0,475.813802295054,0,475.813802295054,0
2017,male,1,86.0620783069862,0,86.0620783069862,0
2017,male,5,26.0187678602516,0,26.0187678602516,0
2017,male,10,32.0230989049251,0,32.0230989049251,0
2017,male,15,110.07940248568,0,110.07940248568,0
2017,male,20,230.166023379149,0,230.166023379149,0
2017,male,25,250.180460194727,0,250.180460194727,0
2017,male,30,298.215108552115,0,298.215108552115,0
2017,male,35,370.267081088196,0,370.267081088196,0
2017,male,40,512.369582478801,0,512.369582478801,0
2017,male,45,662.477858595637,0,662.477858595637,0
2017,male,50,752.542824265739,0,752.542824265739,0
2017,male,55,912.658318790365,0,912.658318790365,0
2017,male,60,1046.75504545474,0,1046.75504545474,0
2017,male,65,1288.92973092323,0,1288.92973092323,0
2017,male,70,1395.0062460458,0,1395.0062460458,0
2017,male,75,1529.10297271017,0,1529.10297271017,0
2017,male,80,1419.02357022449,0,1419.02357022449,0
2017,male,85,2465.77861567923,0,2465.77861567923,0
2018,female,0,344.982833923105,0,344.982833923105,0
2018,female,1,62.010443930439,0,62.010443930439,0
2018,female,5,18.0030321088371,0,18.0030321088371,0
2018,female,10,50.0084225245476,0,50.0084225245476,0
2018,female,15,80.0134760392761,0,80.0134760392761,0
2018,female,20,106.017855752041,0,106.017855752041,0
2018,female,25,106.017855752041,0,106.017855752041,0
2018,female,30,186.031331791317,0,186.031331791317,0
2018,female,35,188.031668692299,0,188.031668692299,0
2018,female,40,274.046155434521,0,274.046155434521,0
2018,female,45,386.065021889507,0,386.065021889507,0
2018,female,50,544.091637067078,0,544.091637067078,0
2018,female,55,696.117241541702,0,696.117241541702,0
2018,female,60,944.159017263458,0,944.159017263458,0
2018,female,65,1118.18832764888,0,1118.18832764888,0
2018,female,70,1206.20315129209,0,1206.20315129209,0
2018,female,75,1426.2402104001,0,1426.2402104001,0
2018,female,80,1476.24863292464,0,1476.24863292464,0
2018,female,85,2662.44841520691,0,2662.44841520691,0
2018,male,0,401.131929569683,0,401.131929569683,0
2018,male,1,64.0090414155162,0,64.0090414155162,0
2018,male,5,42.0059334289325,0,42.0059334289325,0
2018,male,10,44.0062159731674,0,44.0062159731674,0
2018,male,15,148.020908273381,0,148.020908273381,0
2018,male,20,236.033340219716,0,236.033340219716,0
2018,male,25,282.039838737118,0,282.039838737118,0
2018,male,30,336.04746743146,0,336.04746743146,0
2018,male,35,458.064702629788,0,458.064702629788,0
2018,male,40,558.078829841532,0,558.078829841532,0
2018,male,45,630.089001433988,0,630.089001433988,0
2018,male,50,798.112735149718,0,798.112735149718,0
2018,male,55,1008.14240229438,0,1008.14240229438,0
2018,male,60,1148.16218039082,0,1148.16218039082,0
2018,male,65,1256.17743777951,0,1256.17743777951,0
2018,male,70,1468.2073874684,0,1468.2073874684,0
2018,male,75,1460.20625729146,0,1460.20625729146,0
2018,male,80,1468.2073874684,0,1468.2073874684,0
2018,male,85,2352.33227202022,0,2352.33227202022,0
2019,female,0,294.91875,0,294.91875,0
2019,female,1,64,0,64,0
2019,female,5,40,1,39,0.025
2019,female,10,38,0,38,0
2019,female,15,68,1,67,0.0147058823529412
2019,female,20,90,3,87,0.0333333333333333
2019,female,25,96,0,96,0
2019,female,30,154,2,152,0.012987012987013
2019,female,35,182,3,179,0.0164835164835165
2019,female,40,272,1,271,0.00367647058823529
2019,female,45,414,0,414,0
2019,female,50,482,0,482,0
2019,female,55,638,0,638,0
2019,female,60,956,0,956,0
2019,female,65,1150,0,1150,0
2019,female,70,1430,1,1429,0.000699300699300699
2019,female,75,1396,1,1395,0.000716332378223496
2019,female,80,1660,1,1659,0.000602409638554217
2019,female,85,2722,0,2722,0
2019,male,0,347.456394870599,1,346.456394870599,0.00287805898743761
2019,male,1,72.0778216359516,0,72.0778216359516,0
2019,male,5,30.0324256816465,0,30.0324256816465,0
2019,male,10,50.0540428027442,0,50.0540428027442,0
2019,male,15,116.125379302367,1,115.125379302367,0.0086113819908067
2019,male,20,244.263728877392,5,239.263728877392,0.0204696785027373
2019,male,25,320.345873937563,15,305.345873937563,0.0468243895750116
2019,male,30,392.423695573514,14,378.423695573514,0.0356757253904851
2019,male,35,498.538266315332,13,485.538266315332,0.0260762330163385
2019,male,40,538.581500557528,8,530.581500557528,0.0148538336198302
2019,male,45,712.769569511077,15,697.769569511077,0.0210446694719153
2019,male,50,774.83658258648,7,767.83658258648,0.00903416301877916
2019,male,55,995.074370918555,7,988.074370918555,0.00703465007699705
2019,male,60,1109.19758850881,4,1105.19758850881,0.0036062105087855
2019,male,65,1377.48725793152,3,1374.48725793152,0.00217787858488426
2019,male,70,1593.72072283938,0,1593.72072283938,0
2019,male,75,1541.66451832452,3,1538.66451832452,0.00194594865766282
2019,male,80,1591.71856112727,0,1591.71856112727,0
2019,male,85,2512.71294869776,2,2510.71294869776,0.000795952438990901
2020,female,0,284.510385756677,0,284.510385756677,0
2020,female,1,48,0,48,0
2020,female,5,24,0,24,0
2020,female,10,28,0,28,0
2020,female,15,66,0,66,0
2020,female,20,84,0,84,0
2020,female,25,126,0,126,0
2020,female,30,152,0,152,0
2020,female,35,250,0,250,0
2020,female,40,358,0,358,0
2020,female,45,538,0,538,0
2020,female,50,696,0,696,0
2020,female,55,1034,0,1034,0
2020,female,60,1442,0,1442,0
2020,female,65,1652,0,1652,0
2020,female,70,2000,0,2000,0
2020,female,75,1800,0,1800,0
2020,female,80,1934,0,1934,0
2020,female,85,3264,0,3264,0
2020,male,0,396.026300446474,0,396.026300446474,0
2020,male,1,58.0787069967495,0,58.0787069967495,0
2020,male,5,42.0569947217842,0,42.0569947217842,0
2020,male,10,46.0624227905255,0,46.0624227905255,0
2020,male,15,118.16012802787,0,118.16012802787,0
2020,male,20,210.284973608921,0,210.284973608921,0
2020,male,25,314.426103396196,0,314.426103396196,0
2020,male,30,382.518380564799,0,382.518380564799,0
2020,male,35,484.656796317703,0,484.656796317703,0
2020,male,40,700.949912029736,0,700.949912029736,0
2020,male,45,939.272882119846,0,939.272882119846,0
2020,male,50,1131.53342941943,0,1131.53342941943,0
2020,male,55,1476.00024333119,0,1476.00024333119,0
2020,male,60,1878.54576423969,0,1878.54576423969,0
2020,male,65,2086.82802381424,0,2086.82802381424,0
2020,male,70,2481.36268858527,0,2481.36268858527,0
2020,male,75,2393.24327107296,0,2393.24327107296,0
2020,male,80,2375.21884476362,0,2375.21884476362,0
2020,male,85,3146.26374799633,0,3146.26374799633,0
2021,female,0,253.850046131774,0,253.850046131774,0
2021,female,1,68.0081849709576,0,68.0081849709576,0
2021,female,5,18.0021666099594,0,18.0021666099594,0
2021,female,10,46.0055368921184,0,46.0055368921184,0
2021,female,15,78.0093886431573,0,78.0093886431573,0
2021,female,20,110.013240394196,2,108.013240394196,0.0181796299503011
2021,female,25,146.017573614115,2,144.017573614115,0.0136969814694049
2021,female,30,212.025517850633,2,210.025517850633,0.00943282686100525
2021,female,35,312.037554572629,2,310.037554572629,0.00640948491837538
2021,female,40,392.047183950226,6,386.047183950226,0.0153042803153045
2021,female,45,670.080646037376,0,670.080646037376,0
2021,female,50,762.091719821613,0,762.091719821613,0
2021,female,55,1066.12831145648,0,1066.12831145648,0
2021,female,60,1448.17429173451,0,1448.17429173451,0
2021,female,65,1706.20534647726,2,1704.20534647726,0.00117219184908155
2021,female,70,2010.24193811213,0,2010.24193811213,0
2021,female,75,1918.23086432789,0,1918.23086432789,0
2021,female,80,1970.23712342333,0,1970.23712342333,0
2021,female,85,3430.41285956448,0,3430.41285956448,0
2021,male,0,304.237424939273,0,304.237424939273,0
2021,male,1,86.0160926784798,0,86.0160926784798,0
2021,male,5,30.0056137250511,0,30.0056137250511,0
2021,male,10,50.0093562084185,2,48.0093562084185,0.0399925164336213
2021,male,15,138.025823135235,2,136.025823135235,0.0144900421860947
2021,male,20,306.057259995521,14,292.057259995521,0.0457430743521813
2021,male,25,428.080089144062,10,418.080089144062,0.0233601147392648
2021,male,30,494.092439339175,4,490.092439339175,0.00809565109992334
2021,male,35,680.127244434492,12,668.127244434492,0.0176437572501271
2021,male,40,832.155687308084,12,820.155687308084,0.0144203785217385
2021,male,45,1172.21930952533,12,1160.21930952533,0.0102369922611659
2021,male,50,1228.22978847876,8,1220.22978847876,0.00651343915857024
2021,male,55,1516.28368023925,2,1514.28368023925,0.00131901439424872
2021,male,60,1790.33495226138,6,1784.33495226138,0.00335132819276157
2021,male,65,2090.39108951189,8,2082.39108951189,0.00382703506541832
2021,male,70,2450.45845421251,2,2448.45845421251,0.000816173804767781
2021,male,75,2322.43450231895,4,2318.43450231895,0.0017223305957632
2021,male,80,2252.42140362717,4,2248.42140362717,0.00177586662671498
2021,male,85,3208.60029433213,2,3206.60029433213,0.000623324757381879
2022,female,0,281.938872785946,0,281.938872785946,0
2022,female,1,50.0071954496477,0,50.0071954496477,0
2022,female,5,24.0034538158309,0,24.0034538158309,0
2022,female,10,44.00633199569,0,44.00633199569,0
2022,female,15,64.0092101755491,0,64.0092101755491,0
2022,female,20,102.014678717281,0,102.014678717281,0
2022,female,25,116.016693443183,0,116.016693443183,0
2022,female,30,172.024752346788,0,172.024752346788,0
2022,female,35,186.026767072689,0,186.026767072689,0
2022,female,40,304.043748333858,0,304.043748333858,0
2022,female,45,476.068500680646,0,476.068500680646,0
2022,female,50,554.079725582096,0,554.079725582096,0
2022,female,55,778.956816746134,0,778.956816746134,0
2022,female,60,1004.14448462893,0,1004.14448462893,0
2022,female,65,1314.18909641674,0,1314.18909641674,0
2022,female,70,1547.15170354548,0,1547.15170354548,0
2022,female,75,1606.23111784268,0,1606.23111784268,0
2022,female,80,1888.2717001787,0,1888.2717001787,0
2022,female,85,3386.48727585014,0,3386.48727585014,0
2022,male,0,312.328645947102,0,312.328645947102,0
2022,male,1,66.0479932289571,0,66.0479932289571,0
2022,male,5,46.0334498262428,0,46.0334498262428,0
2022,male,10,46.0334498262428,0,46.0334498262428,0
2022,male,15,154.1119842009,0,154.1119842009,0
2022,male,20,276.200698957457,0,276.200698957457,0
2022,male,25,356.258872568314,0,356.258872568314,0
2022,male,30,456.331589581885,0,456.331589581885,0
2022,male,35,456.331589581885,0,456.331589581885,0
2022,male,40,664.482840970113,0,664.482840970113,0
2022,male,45,768.558466664227,0,768.558466664227,0
2022,male,50,866.629729337527,0,866.629729337527,0
2022,male,55,1065.92981511454,0,1065.92981511454,0
2022,male,60,1296.94241249588,0,1296.94241249588,0
2022,male,65,1435.04276197461,0,1435.04276197461,0
2022,male,70,1784.36750937967,0,1784.36750937967,0
2022,male,75,1717.24782395288,0,1717.24782395288,0
2022,male,80,1887.37144287595,0,1887.37144287595,0
2022,male,85,2858.0767979076,0,2858.0767979076,0
2023,female,0,244.850174216028,0,244.850174216028,0
2023,female,1,72,0,72,0
2023,female,5,60,0,60,0
2023,female,10,70,0,70,0
2023,female,15,82,0,82,0
2023,female,20,122,0,122,0
2023,female,25,94,0,94,0
2023,female,30,138,0,138,0
2023,female,35,232,0,232,0
2023,female,40,300,0,300,0
2023,female,45,410,0,410,0
2023,female,50,608,0,608,0
2023,female,55,744,0,744,0
2023,female,60,992,0,992,0
2023,female,65,1216,0,1216,0
2023,female,70,1458,0,1458,0
2023,female,75,1676,0,1676,0
2023,female,80,1714,0,1714,0
2023,female,85,3332,0,3332,0
2023,male,0,332.027617266513,0,332.027617266513,0
2023,male,1,84.2226620061142,0,84.2226620061142,0
2023,male,5,50.1325369084013,0,50.1325369084013,0
2023,male,10,86.2279634824503,0,86.2279634824503,0
2023,male,15,176.466529917573,0,176.466529917573,0
2023,male,20,272.721000781703,0,272.721000781703,0
2023,male,25,389.028486409194,0,389.028486409194,0
2023,male,30,443.171626270268,0,443.171626270268,0
2023,male,35,539.426097134398,0,539.426097134398,0
2023,male,40,611.616950282496,0,611.616950282496,0
2023,male,45,878.322046635191,0,878.322046635191,0
2023,male,50,978.587120451994,0,978.587120451994,0
2023,male,55,1076.84689279246,0,1076.84689279246,0
2023,male,60,1251.3081212337,0,1251.3081212337,0
2023,male,65,1638.33130616656,0,1638.33130616656,0
2023,male,70,1708.51685783832,0,1708.51685783832,0
2023,male,75,1810.78723313146,0,1810.78723313146,0
2023,male,80,1758.64939474672,0,1758.64939474672,0
2023,male,85,2556.75938232847,0,2556.75938232847,0
2024,female,0,230,0,230,0
2024,female,1,56,0,56,0
2024,female,5,32,0,32,0
2024,female,10,44,0,44,0
2024,female,15,64,0,64,0
2024,female,20,124,0,124,0
2024,female,25,112,0,112,0
2024,female,30,140,0,140,0
2024,female,35,240,0,240,0
2024,female,40,298,0,298,0
2024,female,45,476,0,476,0
2024,female,50,626,0,626,0
2024,female,55,790,0,790,0
2024,female,60,1104,0,1104,0
2024,female,65,1282,0,1282,0
2024,female,70,1454,0,1454,0
2024,female,75,1948,0,1948,0
2024,female,80,1980,0,1980,0
2024,female,85,3746,0,3746,0
2024,male,0,302.650345687408,0,302.650345687408,0
2024,male,1,60.1292077524651,0,60.1292077524651,0
2024,male,5,32.0689108013147,0,32.0689108013147,0
2024,male,10,52.1119800521365,0,52.1119800521365,0
2024,male,15,168.361781706902,0,168.361781706902,0
2024,male,20,256.551286410518,0,256.551286410518,0
2024,male,25,360.775246514791,0,360.775246514791,0
2024,male,30,416.895840417092,0,416.895840417092,0
2024,male,35,539.158562847104,0,539.158562847104,0
2024,male,40,633.360988325966,0,633.360988325966,0
2024,male,45,861.851977785334,0,861.851977785334,0
2024,male,50,1018.18791794174,0,1018.18791794174,0
2024,male,55,1216.61430352488,0,1216.61430352488,0
2024,male,60,1332.86410517964,0,1332.86410517964,0
2024,male,65,1649.54459934263,0,1649.54459934263,0
2024,male,70,1819.91068797461,0,1819.91068797461,0
2024,male,75,2156.63425138842,0,2156.63425138842,0
2024,male,80,1918.12172730364,0,1918.12172730364,0
2024,male,85,2888.20627904341,0,2888.20627904341,0
